Matéria,Código,N_o,Ano-Período,Docente,Horário,Qtde Vagas Ofertadas,Qtde Vagas Ocupadas,Qtde Vagas Disponíveis,Local
FUNDAMENTOS LÓGICOS DE INTELIGÊNCIA ARTIFICIAL,FCTE0001,01,2025.1,BRUNO CESAR RIBAS (60h),35T45,60,40,20,FCTE - I2
PARADIGMAS DE SOLUÇÃO DE PROBLEMAS,FCTE0002,01,2025.1,EDSON ALVES DA COSTA JUNIOR (60h),35T45,50,50,0,FCTE - LAB SS
COMPILADORES 1,FGA0003,01,2025.1,SERGIO ANTONIO ANDRADE DE FREITAS (60h),24T23,100,100,0,FCTE - S2 / I9
COMPILADORES 1,FGA0003,02,2025.1,FABIO MACEDO MENDES (60h),46T45,110,107,3,FCTE - S3
COMPILADORES 1,FGA0003,03,2025.1,FABIO MACEDO MENDES (60h),46T6 46N1,110,103,7,FCTE - S2
FUNDAMENTOS DE EQUAÇÕES DIFERENCIAIS PARA ENGENHARIA,FGA0006,01,2025.1,VINICIUS DE CARVALHO RISPOLI (60h),25T6 25N1,60,38,22,FCTE - S4
SISTEMAS AEROESPACIAIS,FGA0008,01,2025.1,RONNE TOLEDO (60h),24M34,45,30,15,FCTE - I8 / I2
PROCESSAMENTO DIGITAL DE IMAGENS,FGA0015,01,2025.1,MARCUS VINICIUS CHAFFIM COSTA (60h),46M5 46T1,35,1,34,FCTE - LAB SS
PROJETOS DE CIRCUITOS INTEGRADOS 1,FGA0017,01,2025.1,SANDRO AUGUSTO PAVLIK HADDAD (60h),35T23,35,17,18,FCTE - LDTEA 303 (Terça-Feira) / LAB SS
DINÂMICA DOS MECANISMOS,FGA0023,01,2025.1,RITA DE CASSIA SILVA (60h),35M12,40,6,34,FCTE - I6 / I7
SISTEMAS DE ENERGIA SOLAR E EÓLICA,FGA0025,01,2025.1,JORGE ANDRES CORMANE ANGARITA (60h),24T23,40,7,33,FCTE - I8
ESTRUTURAS DE DADOS 2,FGA0030,01,2025.1,BRUNO CESAR RIBAS (60h),35T23,130,130,0,FCTE - S1
TÓPICOS ESPECIAIS EM ENGENHARIA AEROESPACIAL,FGA0037,01,2025.1,RAFAEL CASTILHO FARIA MENDES (60h),2M1234,25,22,3,FCTE - LDTEA 302
TÓPICOS ESPECIAIS EM ENGENHARIA AEROESPACIAL,FGA0037,02,2025.1,WILLIAM REIS SILVA (60h),46T23,25,13,12,FCTE - S8
AERODINÂMICA DE SISTEMAS AEROESPACIAIS,FGA0038,01,2025.1,OLEXIY SHYNKARENKO (75h),35T45 6T4,45,27,18,FCTE - I4
MECÂNICA DE ESTRUTURAS AEROESPACIAIS,FGA0039,01,2025.1,ARTEM ANDRIANOV (75h),2M5 35M12,45,45,0,FCTE - I7 / I4 / S7
SISTEMAS DE CONTROLE AUTOMOTIVO,FGA0040,01,2025.1,RAFAEL RODRIGUES DA SILVA (60h),24M34,16,5,11,FCTE - LAB SHP
DINÂMICA DOS GASES PARA SISTEMAS AEROESPACIAIS,FGA0043,01,2025.1,OLEXIY SHYNKARENKO (60h),35T23,30,18,12,FCTE - S5
MECÂNICA DO VÔO,FGA0045,01,2025.1,"THIAGO FELIPPE KURUDEZ CORDEIRO (30h)
POLLIANA CANDIDA OLIVEIRA MARTINS (30h)",46M34,45,23,22,FCTE - S8
PROCESSOS PETROQUÍMICOS,FGA0047,01,2025.1,ANDREIA ALVES COSTA LINDINGER (60h),35M34,45,7,38,FCTE - I1
MECÂNICA DO VOO ESPACIAL,FGA0048,01,2025.1,WILLIAM REIS SILVA (60h),46M34,45,27,18,FCTE - I5
DINÂMICA DE ESTRUTURAS AEROESPACIAIS,FGA0050,01,2025.1,SERGIO HENRIQUE DA SILVA CARNEIRO (60h),35M34,45,35,10,FCTE - I4
TÓPICOS ESPECIAIS EM PROGRAMAÇÃO,FGA0053,01,2025.1,"MAURICIO SERRANO (30h)
MILENE SERRANO (30h)",2T2345,35,35,0,FCTE - I1
TÓPICOS ESPECIAIS EM GOVERNANÇA DE TECNOLOGIA DA INFORMAÇÃO,FGA0054,01,2025.1,WANDER CLEBER MARIA PEREIRA DA SILVA (60h),35M34,35,35,0,FCTE - I5
TECNOLOGIAS DE FABRICAÇÃO 1,FGA0055,01,2025.1,RHANDER VIANA (60h),35T23,22,22,0,FCTE - S8
TECNOLOGIAS DE FABRICAÇÃO 2,FGA0056,01,2025.1,EDISON GUSTAVO CUEVA GALARRAGA (60h),35M34,20,11,9,FCTE - I8
SISTEMAS DE BANCO DE DADOS 2,FGA0060,01,2025.1,VANDOR ROBERTO VILARDI RISSOLI (60h),35M12,80,70,10,FCTE - MOCAP
SISTEMAS DE BANCO DE DADOS 2,FGA0060,02,2025.1,VANDOR ROBERTO VILARDI RISSOLI (60h),35T23,80,79,1,FCTE - I10
PROJETO DE SISTEMAS DE OBSERVAÇÃO DA TERRA,FGA0062,01,2025.1,RONNE TOLEDO (60h),24T45,45,22,23,FCTE - I8
PROPULSÃO AERONÁUTICA,FGA0063,01,2025.1,RAFAEL CASTILHO FARIA MENDES (60h),46M34,48,14,34,FCTE - I7
TEORIA DE CIRCUITOS ELETRÔNICOS 1,FGA0067,02,2025.1,EULER DE VILHENA GARCIA (60h),35M12,90,30,60,FCTE - S9
TEORIA DE CIRCUITOS ELETRÔNICOS 1,FGA0067,03,2025.1,LUCIANO EMIDIO NEVES DA FONSECA (60h),24T23,90,63,27,FCTE - S9
TEORIA DE CIRCUITOS ELETRÔNICOS 2,FGA0068,01,2025.1,GILMAR SILVA BESERRA (60h),24M12,60,17,43,FCTE - I3/I9
PRÁTICA DE CIRCUITOS ELETRÔNICOS 1,FGA0069,01,2025.1,MARCUS VINICIUS CHAFFIM COSTA (30h),6M12,24,9,15,FCTE - LAB NEI 1
PRÁTICA DE CIRCUITOS ELETRÔNICOS 1,FGA0069,02,2025.1,MARCUS VINICIUS CHAFFIM COSTA (30h),6M34,24,23,1,FCTE - LAB NEI 1
PRÁTICA DE CIRCUITOS ELETRÔNICOS 1,FGA0069,03,2025.1,MARCUS VINICIUS CHAFFIM COSTA (30h),4M34,24,24,0,FCTE - LAB NEI 1
PRÁTICA DE CIRCUITOS ELETRÔNICOS 2,FGA0070,01,2025.1,TIAGO MARTINS DE BRITO (30h),6T23,24,13,11,FCTE - LAB NEI 1
PRÁTICA DE ELETRÔNICA DIGITAL 1,FGA0071,01,2025.1,HENRIQUE MARRA TAIRA MENEGAZ (30h),5T23,16,16,0,FCTE- LAB NEI 2
PRÁTICA DE ELETRÔNICA DIGITAL 1,FGA0071,02,2025.1,HENRIQUE MARRA TAIRA MENEGAZ (30h),5M12,16,16,0,FCTE - LAB NEI 2
PRÁTICA DE ELETRÔNICA DIGITAL 1,FGA0071,03,2025.1,HENRIQUE MARRA TAIRA MENEGAZ (30h),5M34,16,16,0,FCTE - LAB NEI 2
PRÁTICA DE ELETRÔNICA DIGITAL 1,FGA0071,04,2025.1,HENRIQUE MARRA TAIRA MENEGAZ (30h),5T45,16,16,0,FCTE - LAB NEI 2
PRÁTICA DE ELETRÔNICA DIGITAL 1,FGA0071,05,2025.1,A DEFINIR DOCENTE,3M12,16,17,-1,FCTE - LAB NEI 2
PRÁTICA DE ELETRÔNICA DIGITAL 1,FGA0071,06,2025.1,MARCELINO MONTEIRO DE ANDRADE (30h),4M12,16,16,0,FCTE - LAB NEI 2
PRÁTICA DE ELETRÔNICA DIGITAL 1,FGA0071,07,2025.1,MARCELINO MONTEIRO DE ANDRADE (30h),4M34,16,14,2,FCTE - LAB NEI 2
PRÁTICA DE ELETRÔNICA DIGITAL 1,FGA0071,08,2025.1,MARCELINO MONTEIRO DE ANDRADE (30h),4T23,16,12,4,FCTE - LAB NEI 2
PRÁTICA DE ELETRÔNICA DIGITAL 1,FGA0071,09,2025.1,MARCELINO MONTEIRO DE ANDRADE (30h),4T45,16,14,2,FCTE - LAB NEI 2
PRÁTICA DE ELETRÔNICA DIGITAL 1,FGA0071,10,2025.1,A DEFINIR DOCENTE,3M34,16,13,3,FCTE - LAB NEI 2
PRÁTICA DE ELETRÔNICA DIGITAL 2,FGA0072,01,2025.1,GILMAR SILVA BESERRA (30h),4M34,35,10,25,FCTE - LAB SS
PRÁTICA DE ELETRÔNICA DIGITAL 2,FGA0072,02,2025.1,GILMAR SILVA BESERRA (30h),2M34,35,9,26,FCTE - LAB SS
TEORIA DE ELETRÔNICA DIGITAL 1,FGA0073,01,2025.1,RENATO VILELA LOPES (60h),46M12,80,82,-2,FCTE - S1
TEORIA DE ELETRÔNICA DIGITAL 1,FGA0073,02,2025.1,RENATO VILELA LOPES (60h),46T23,80,80,0,FCTE - S2
TEORIA DE ELETRÔNICA DIGITAL 1,FGA0073,03,2025.1,LUIS FILOMENO DE JESUS FERNANDES (60h),35T45,80,27,53,FCTE - I9
TEORIA DE ELETRÔNICA DIGITAL 2,FGA0074,01,2025.1,DANIEL MAURICIO MUNOZ ARBOLEDA (60h),35M34,45,19,26,FCTE - S8
LABORATÓRIO DE MATERIAIS DE CONSTRUÇÃO,FGA0075,01,2025.1,EMMANUEL PACHECO ROCHA LIMA (15h),2T4,15,13,2,FCTE - LAB MATERIAIS
LABORATÓRIO DE MATERIAIS DE CONSTRUÇÃO,FGA0075,02,2025.1,EMMANUEL PACHECO ROCHA LIMA (15h),4T4,15,4,11,FCTE - LAB MATERIAIS
LABORATÓRIO DE MATERIAIS DE CONSTRUÇÃO,FGA0075,03,2025.1,RODRIGO ARBEY MUNOZ MENESES (15h),4M3,15,9,6,FCTE - LAB MATERIAIS
LABORATÓRIO DE MATERIAIS DE CONSTRUÇÃO,FGA0075,04,2025.1,EMMANUEL PACHECO ROCHA LIMA (15h),4M5,15,9,6,FCTE - LAB MATERIAIS
LABORATÓRIO DE MATERIAIS DE CONSTRUÇÃO,FGA0075,08,2025.1,SANDRA MARIA DA LUZ (15h),2M2,15,14,1,FCTE - LAB MATERIAIS
LABORATÓRIO DE MATERIAIS DE CONSTRUÇÃO,FGA0075,09,2025.1,SANDRA MARIA DA LUZ (15h),2M3,15,7,8,FCTE - LAB MATERIAIS
EQUIPAMENTOS TERMOFLUIDOS AUTOMOTIVOS,FGA0076,01,2025.1,"ALESSANDRO BORGES DE SOUSA OLIVEIRA (30h)
FABIO ALFAIA DA CUNHA (30h)",46M12,45,4,41,FCTE - I4
INTRODUÇÃO AO DESGASTE,FGA0077,01,2025.1,EDISON GUSTAVO CUEVA GALARRAGA (60h),35T23,15,2,13,FCTE - MULTIUSO
TEORIA DE MATERIAIS DE CONSTRUÇÃO,FGA0078,01,2025.1,EMMANUEL PACHECO ROCHA LIMA (45h),2T23 4T1,60,60,0,FCTE - I2
TEORIA DE MATERIAIS DE CONSTRUÇÃO,FGA0078,02,2025.1,RODRIGO ARBEY MUNOZ MENESES (45h),3T23 5T2,60,26,34,FCTE - I2
APRENDIZADO DE MÁQUINA,FGA0083,01,2025.1,SERGIO ANTONIO ANDRADE DE FREITAS (60h),24M12,60,59,1,FCTE - I2
MATEMÁTICA DISCRETA 1,FGA0085,01,2025.1,CRISTIANE LOESCH DE SOUZA COSTA (60h),24M12,125,125,0,FCTE - S9
MATEMÁTICA DISCRETA 1,FGA0085,02,2025.1,CRISTIANE LOESCH DE SOUZA COSTA (60h),24M34,125,125,0,FCTE - S9 / S2
TEORIA DE ELETRICIDADE APLICADA,FGA0086,01,2025.1,JORGE ANDRES CORMANE ANGARITA (60h),24M12,45,44,1,FCTE - I8
TEORIA DE ELETRICIDADE APLICADA,FGA0086,02,2025.1,FLAVIO HENRIQUE JUSTINIANO RIBEIRO DA SILVA (60h),24T45,45,25,20,FCTE - S8
LABORATÓRIO DE ELETRICIDADE APLICADA,FGA0087,01,2025.1,JORGE ANDRES CORMANE ANGARITA (30h),2M34,20,20,0,FCTE - LAB ELET
LABORATÓRIO DE ELETRICIDADE APLICADA,FGA0087,02,2025.1,LOANA NUNES VELASCO (30h),6T23,20,5,15,FCTE - Laboratório de Eletricidade
LABORATÓRIO DE ELETRICIDADE APLICADA,FGA0087,03,2025.1,RUDI HENRI VAN ELS (30h),3T23,20,19,1,FCTE - LAB ELET
TEORIA DE SISTEMAS DE CONVERSÃO DE ENERGIA,FGA0088,01,2025.1,FLAVIO HENRIQUE JUSTINIANO RIBEIRO DA SILVA (60h),46M12,40,8,32,FCTE - S6
LABORATÓRIO DE SISTEMAS DE CONVERSÃO DE ENERGIA,FGA0089,01,2025.1,RUDI HENRI VAN ELS (30h),4T45,20,4,16,FCTE - LAB ELET
LABORATÓRIO DE SISTEMAS DE CONVERSÃO DE ENERGIA,FGA0089,02,2025.1,RUDI HENRI VAN ELS (30h),4T23,20,1,19,FCTE - LAB ELET
ONDULATÓRIA E FÍSICA TÉRMICA PARA ENGENHARIA,FGA0090,01,2025.1,EBERTH DE ALMEIDA CORREA (60h),35T23,45,15,30,FCTE - I1
MÁQUINAS DE FLUIDO,FGA0091,01,2025.1,"LUCIANO GONCALVES NOLETO (45h)
FELIPE CHAGAS STORTI (45h)",24M12 4T2,25,9,16,FCTE - I5 / LAB TERM
PRINCÍPIOS DE COMUNICAÇÃO PARA ENGENHARIA,FGA0092,01,2025.1,SEBASTIEN ROLAND MARIE JOSEPH RONDINEAU (75h),3M125 5M12,35,31,4,FCTE - I2 / LAB SS / I2
PRINCÍPIOS DE CONTROLE,FGA0093,01,2025.1,ROBERTO DE SOUZA BAPTISTA (75h),3T123 5T23,35,23,12,FCTE - LAB SS / S6 (Abordagem em Eletrônica)
PRINCÍPIOS DE CONTROLE,FGA0093,02,2025.1,THIAGO FELIPPE KURUDEZ CORDEIRO (75h),46T23 5T1,35,34,1,FCTE - I5 / LAB SS / I5(Abordagem em Aeroespacial)
ANTENAS IMPRESSAS,FGA0094,01,2025.1,DANIEL COSTA ARAUJO (60h),35M12,20,3,17,FCTE - LDTEA 303
ELETRÔNICA DE RÁDIO FREQUÊNCIA,FGA0097,01,2025.1,WELLINGTON AVELINO DO AMARAL (60h),35T23,25,13,12,FCTE - LAB SS / LDTEA 303
PRÁTICA DE CIRCUITOS ELETRÔNICOS 3,FGA0098,01,2025.1,TIAGO MARTINS DE BRITO (30h),2T45,24,8,16,FCTE - LAB NEI 1
TEORIA DE CIRCUITOS ELETRÔNICOS 3,FGA0099,01,2025.1,WELLINGTON AVELINO DO AMARAL (60h),35T45,45,8,37,FCTE - S8
PRÁTICA DE FÍSICA DOS DISPOSITIVOS ELETRÔNICOS,FGA0100,01,2025.1,MARCUS VINICIUS BATISTUTA (30h),5M12,24,12,12,FCTE - LAB NEI 1
PRÁTICA DE FÍSICA DOS DISPOSITIVOS ELETRÔNICOS,FGA0100,02,2025.1,GERARDO ANTONIO IDROBO PIZO (30h),3M5 3T1,24,6,18,FCTE - LAB NEI 1
TEORIA DE FÍSICA DOS DISPOSITIVOS ELETRÔNICOS,FGA0101,01,2025.1,MARCUS VINICIUS BATISTUTA (60h),35T45,45,21,24,FCTE - I8
SINAIS E SISTEMAS PARA ENGENHARIA,FGA0102,01,2025.1,LUIS FILOMENO DE JESUS FERNANDES (90h),356T23,35,15,20,FCTE - I8/I8/I6
SINAIS E SISTEMAS PARA ENGENHARIA,FGA0102,02,2025.1,LUCIANO EMIDIO NEVES DA FONSECA (90h),246M12,35,35,0,FCTE - LAB SS
QUÍMICA ORGÂNICA APLICADA À ENGENHARIA,FGA0104,01,2025.1,ROSEANY DE VASCONCELOS VIEIRA LOPES (60h),24M34,45,26,19,FCTE - S5 / I1
TÓPICOS ESPECIAIS 2 EM ENGENHARIA AEROESPACIAL,FGA0105,01,2025.1,LUI TXAI CALVOSO HABL (60h),24M34,30,11,19,FCTE - CONTEINER 04
TÓPICOS ESPECIAIS 2 EM ENGENHARIA AEROESPACIAL,FGA0105,02,2025.1,ARTUR ELIAS DE MORAIS BERTOLDI (60h),35T45,40,28,12,FCTE - S7
TÓPICOS ESPECIAIS 3 EM ENGENHARIA AEROESPACIAL,FGA0106,01,2025.1,SEBASTIEN ROLAND MARIE JOSEPH RONDINEAU (60h),35M34,45,18,27,FCTE - I6
TÓPICOS ESPECIAIS 3 EM ENGENHARIA AEROESPACIAL,FGA0106,02,2025.1,ARTUR ELIAS DE MORAIS BERTOLDI (60h),35T6 35N1,45,10,35,FCTE - I1
LABORATÓRIO DE ONDULATÓRIA E FÍSICA TÉRMICA PARA A ENGENHARIA,FGA0107,01,2025.1,EBERTH DE ALMEIDA CORREA (30h),3M34,24,2,22,FCTE - LAB OND
MATEMÁTICA DISCRETA 2,FGA0108,02,2025.1,LINDOMAR BOMFIM DE CARVALHO DE JESUS (60h),35M34,60,18,42,FCTE - S7
MATEMÁTICA DISCRETA 2,FGA0108,03,2025.1,CRISTIANE LOESCH DE SOUZA COSTA (60h),24M5 24T1,100,106,-6,FCTE - S9
FUNDAMENTOS DE SISTEMAS EMBARCADOS,FGA0109,01,2025.1,RENATO CORAL SAMPAIO (60h),35T23,80,80,0,FCTE - MOCAP
TEORIA DE ELETROMAGNETISMO,FGA0119,01,2025.1,ANDRE LUIZ ALMEIDA PENNA (60h),24T23,45,23,22,FCTE - S8 / I1
TEORIA DE ELETROMAGNETISMO,FGA0119,02,2025.1,ANDRE LUIZ ALMEIDA PENNA (60h),46M12,45,25,20,FCTE - S8
PRÁTICA DE ELETROMAGNETISMO,FGA0120,01,2025.1,GERARDO ANTONIO IDROBO PIZO (30h),6T23,50,19,31,FCTE - MOCAP
PRÁTICA DE ELETROMAGNETISMO,FGA0120,02,2025.1,GERARDO ANTONIO IDROBO PIZO (30h),3T45,80,14,66,FCTE - I10
PRÁTICA DE ELETROMAGNETISMO,FGA0120,03,2025.1,GERARDO ANTONIO IDROBO PIZO (30h),6M5 6T1,80,26,54,FCTE - MOCAP
TÓPICOS ESPECIAIS 4 EM ENGENHARIA AEROESPACIAL,FGA0121,01,2025.1,"RAFAEL CASTILHO FARIA MENDES (30h)
THIAGO FELIPPE KURUDEZ CORDEIRO (30h)",46M12,45,44,1,FCTE - S8
EFICIÊNCIA ENERGÉTICA EM INSTALAÇÕES ELÉTRICAS INDUSTRIAIS,FGA0122,01,2025.1,LOANA NUNES VELASCO (60h),46T45,20,4,16,FCTE - MULTIUSO
PROJETO DE ALGORITMOS,FGA0124,01,2025.1,MAURICIO SERRANO (60h),26M34,130,130,0,FCTE - S3 / S4
ENGENHARIA DE SOFTWARE AUTOMOTIVO,FGA0131,01,2025.1,EVANDRO LEONARDO SILVA TEIXEIRA (60h),24T45,20,5,15,FCTE - I6
INSTRUMENTAÇÃO ELETRÔNICA PARA ENGENHARIA,FGA0132,01,2025.1,CLAUDIA PATRICIA OCHOA DIAZ (60h),35M34,45,15,30,FCTE - I3 / I7
ENGENHARIA ECONÔMICA,FGA0133,01,2025.1,PAULA MEYER SOARES (60h),35T45,160,160,0,FCTE - AUDITÓRIO
ENGENHARIA ECONÔMICA,FGA0133,02,2025.1,GLAUCENY CIRNE DE MEDEIROS (60h),46T45,130,130,0,FCTE - S9
SISTEMAS DE BANCO DE DADOS 1,FGA0137,01,2025.1,MAURICIO SERRANO (60h),26M12,80,80,0,FCTE - MOCAP
SISTEMAS DE BANCO DE DADOS 1,FGA0137,02,2025.1,GLAUCO VITOR PEDROSA (60h),35M34,80,80,0,FCTE - S9 / MOCAP
SISTEMAS DE BANCO DE DADOS 1,FGA0137,03,2025.1,GLAUCO VITOR PEDROSA (60h),35T23,80,45,35,FCTE - S9 / S10
GESTÃO AMBIENTAL NO SETOR ENERGÉTICO,FGA0141,01,2025.1,MARIA VITORIA DUARTE FERRARI (60h),46M34,45,21,24,FCTE - S5
FUNDAMENTOS DE ARQUITETURA DE COMPUTADORES,FGA0142,01,2025.1,TIAGO ALVES DA FONSECA (60h),26M12,120,120,0,FCTE - I9
FUNDAMENTOS DE ARQUITETURA DE COMPUTADORES,FGA0142,02,2025.1,TIAGO ALVES DA FONSECA (60h),24M34,80,80,0,FCTE - LAB. MOCAP / S3
ESTRUTURAS DE DADOS 1,FGA0146,01,2025.1,NILTON CORREIA DA SILVA (60h),35M34,80,82,-2,FCTE - MOCAP / S9
ESTRUTURAS DE DADOS 1,FGA0146,02,2025.1,JOHN LENON CARDOSO GARDENGHI (60h),35M34,130,131,-1,FCTE - I9
ENGENHARIA DE SEGURANÇA DO TRABALHO,FGA0148,01,2025.1,MARIA ALZIRA DE ARAUJO NUNES (30h),2M34,70,70,0,FCTE - I2
ENGENHARIA DE SEGURANÇA DO TRABALHO,FGA0148,02,2025.1,MARIA ALZIRA DE ARAUJO NUNES (30h),2M12,120,117,3,FCTE - S3
ERGONOMIA DO PRODUTO,FGA0152,01,2025.1,MATEUS RODRIGUES MIRANDA (60h),46M12,15,3,12,FCTE - MULTIUSO
MECANICA DOS SÓLIDOS 1 PARA ENGENHARIA,FGA0154,01,2025.1,GLAUCENY CIRNE DE MEDEIROS (60h),46T23,60,34,26,FCTE - I3
MECANICA DOS SÓLIDOS 1 PARA ENGENHARIA,FGA0154,02,2025.1,SUZANA MOREIRA AVILA (60h),35M34,80,29,51,FCTE - S3
MECANICA DOS SÓLIDOS 1 PARA ENGENHARIA,FGA0154,03,2025.1,SERGIO HENRIQUE DA SILVA CARNEIRO (60h),35M12,80,18,62,FCTE - S6
INTRODUÇÃO AO DESIGN E CONCEPÇÃO DE VEÍCULOS,FGA0155,01,2025.1,ENEIDA GONZALEZ VALDES (60h),46T23,48,25,23,FCTE - I7
COMBUSTÍVEIS E BIOCOMBUSTÍVEIS,FGA0156,01,2025.1,JULIANA PETROCCHI RODRIGUES (60h),46T23,20,6,14,FCTE - MULTIUSO
PROBABILIDADE E ESTATÍSTICA APLICADO A ENGENHARIA,FGA0157,01,2025.1,MARILIA MIRANDA FORTE GOMES (60h),46T23,130,122,8,FCTE - S3
PROBABILIDADE E ESTATÍSTICA APLICADO A ENGENHARIA,FGA0157,02,2025.1,RODRIGO ANDRES MIRANDA CERDA (60h),24M34,130,90,40,FCTE - AUDITÓRIO
ORIENTAÇÃO A OBJETOS,FGA0158,01,2025.1,ANDRE LUIZ PERON MARTINS LANNA (60h),24T23,49,49,0,FCTE - I6
ORIENTAÇÃO A OBJETOS,FGA0158,02,2025.1,HENRIQUE GOMES DE MOURA (60h),46T23,80,34,46,FCTE - S10
ORIENTAÇÃO A OBJETOS,FGA0158,03,2025.1,HENRIQUE GOMES DE MOURA (60h),35M5 35T1,80,80,0,FCTE - S10
ORIENTAÇÃO A OBJETOS,FGA0158,06,2025.1,ANDRE LUIZ PERON MARTINS LANNA (60h),24M5 24T1,80,80,0,FCTE - I10
MÉTODOS NUMÉRICOS PARA ENGENHARIA,FGA0160,01,2025.1,MANUEL NASCIMENTO DIAS BARCELOS JUNIOR (60h),35M5 35T1,60,60,0,FCTE - I3
MÉTODOS NUMÉRICOS PARA ENGENHARIA,FGA0160,02,2025.1,RODRIGO ANDRES MIRANDA CERDA (60h),24M5 24T1,125,125,0,FCTE - S4
MÉTODOS NUMÉRICOS PARA ENGENHARIA,FGA0160,03,2025.1,LINDOMAR BOMFIM DE CARVALHO DE JESUS (60h),24M34,45,34,11,FCTE - I4
INTRODUÇÃO À ENGENHARIA,FGA0163,01,2025.1,PATRICIA REGINA SOBRAL BRAGA (30h),4T23,140,131,9,FCTE - AUDITÓRIO
INTRODUÇÃO À ENGENHARIA,FGA0163,02,2025.1,RUDI HENRI VAN ELS (30h),2M12,140,88,52,FCTE - AUDITÓRIO
INTRODUÇÃO À ENGENHARIA,FGA0163,03,2025.1,RICARDO RAMOS FRAGELLI (30h),2T23,140,94,46,FCTE - AUDITÓRIO
HUMANIDADES E CIDADANIA,FGA0164,01,2025.1,SANDRA MARIA FALEIROS LIMA (60h),46T23,60,28,32,FCTE - I2
HUMANIDADES E CIDADANIA,FGA0164,02,2025.1,SANDRA MARIA FALEIROS LIMA (60h),46M5 46T1,100,97,3,FCTE - S2
HUMANIDADES E CIDADANIA,FGA0164,03,2025.1,VANESSA MARIA DE CASTRO (60h),35T23,100,100,0,FCTE - S2
HUMANIDADES E CIDADANIA,FGA0164,04,2025.1,VANESSA MARIA DE CASTRO (60h),35T45,100,99,1,FCTE - S2
ELEMENTOS E MÉTODOS EM ELETRÔNICA,FGA0166,01,2025.1,FABIANO ARAUJO SOARES (60h),35T23,60,24,36,FCTE - I3
SISTEMAS AUTOMOTIVOS,FGA0167,01,2025.1,SALEH BARBOSA KHALIL (60h),35T23,49,34,15,FCTE - I6
DESENHO INDUSTRIAL ASSISTIDO POR COMPUTADOR,FGA0168,01,2025.1,EUCLIDES DELGADO MARQUES SANT ANNA (90h),246M12,75,74,1,FCTE - I10
DESENHO INDUSTRIAL ASSISTIDO POR COMPUTADOR,FGA0168,02,2025.1,SALEH BARBOSA KHALIL (90h),235M34,75,60,15,FCTE - I10
DESENHO INDUSTRIAL ASSISTIDO POR COMPUTADOR,FGA0168,04,2025.1,MATEUS RODRIGUES MIRANDA (90h),356T45,75,69,6,FCTE - S10
DESENHO INDUSTRIAL ASSISTIDO POR COMPUTADOR,FGA0168,05,2025.1,ENEIDA GONZALEZ VALDES (90h),246M12,75,66,9,FCTE - S10
DESENHO INDUSTRIAL ASSISTIDO POR COMPUTADOR,FGA0168,06,2025.1,HIMILSYS HERNANDEZ GONZALEZ (90h),235M34,75,75,0,FCTE - S10
FONTES DE ENERGIA E TECNOLOGIAS DE CONVERSÃO,FGA0169,01,2025.1,AUGUSTO CESAR DE MENDONCA BRASIL (60h),46M12,60,60,0,FCTE - S7
FUNDAMENTOS DE SISTEMAS OPERACIONAIS,FGA0170,01,2025.1,DANIEL SUNDFELD LIMA (60h),24M5 24T1,130,130,0,FCTE - S1
INTERAÇÃO HUMANO COMPUTADOR,FGA0173,01,2025.1,"ANDRE BARROS DE SALES (45h)
EDUARDO GABRIEL QUEIROZ PALMEIRA (15h)",35M34,45,36,9,FCTE - S6
INTERAÇÃO HUMANO COMPUTADOR,FGA0173,02,2025.1,REJANE MARIA DA COSTA FIGUEIREDO (60h),35T45,49,49,0,FCTE - I6
INTERAÇÃO HUMANO COMPUTADOR,FGA0173,04,2025.1,SERGIO ANTONIO ANDRADE DE FREITAS (60h),24M34,60,60,0,FCTE - I3 / S9
DESENVOLVIMENTO SUSTENTÁVEL,FGA0174,01,2025.1,JOSIANE DO SOCORRO AGUIAR DE SOUZA DE OLIVEIRA CAMPOS (60h),24M34,30,19,11,FCTE - I5 / S4
ENGENHARIA DE PETRÓLEO E GÁS,FGA0175,01,2025.1,FELIPE CHAGAS STORTI (60h),35T45,45,11,34,FCTE - S5
MECANICA DOS SÓLIDOS 2 PARA ENGENHARIA,FGA0179,01,2025.1,MAURA ANGELICA MILFONT SHZU (60h),35M34,60,55,5,FCTE - I2
MÉTODOS EXPERIMENTAIS PARA ENGENHARIA,FGA0188,01,2025.1,RODRIGO ARBEY MUNOZ MENESES (60h),35M12,15,11,4,FCTE - I5 / LAB MATERIAIS
PROJETO DE ELEMENTOS AUTOMOTIVOS,FGA0190,01,2025.1,"RITA DE CASSIA SILVA (60h)
ALESSANDRO BORGES DE SOUSA OLIVEIRA (30h)",246M34,15,2,13,FCTE - NIT/LDS
MATERIAIS COMPOSTOS E PLÁSTICOS,FGA0191,01,2025.1,"SANDRA MARIA DA LUZ (30h)
EMMANUEL PACHECO ROCHA LIMA (30h)",35T23,45,22,23,FCTE - I4
ARQUITETURA DE MOTORES DE COMBUSTÃO INTERNA,FGA0194,01,2025.1,FABIO ALFAIA DA CUNHA (60h),46T23,25,2,23,FCTE - I4
PROJETO COM CIRCUITOS RECONFIGURAVEIS,FGA0198,01,2025.1,DANIEL MAURICIO MUNOZ ARBOLEDA (60h),35M12,35,11,24,FCTE - LAB SS
DINÂMICA DOS FLUÍDOS,FGA0204,01,2025.1,"AUGUSTO CESAR DE MENDONCA BRASIL (15h)
LUCIANO GONCALVES NOLETO (60h)",26M34 4M3,25,25,0,FCTE - S8 / LAB TERM / I3
DINÂMICA DOS FLUÍDOS,FGA0204,02,2025.1,"AUGUSTO CESAR DE MENDONCA BRASIL (15h)
LUCIANO GONCALVES NOLETO (60h)",26M34 4M4,25,25,0,FCTE - S8 / LAB TERM / I3
ARQUITETURA E DESENHO DE SOFTWARE,FGA0208,01,2025.1,MILENE SERRANO (60h),26M34,70,70,0,FCTE - S7
ARQUITETURA E DESENHO DE SOFTWARE,FGA0208,02,2025.1,MILENE SERRANO (60h),26M12,80,80,0,FCTE - S4
PARADIGMAS DE PROGRAMAÇÃO,FGA0210,01,2025.1,EDSON ALVES DA COSTA JUNIOR (60h),35T6 35N1,130,130,0,FCTE - S2
FUNDAMENTOS DE REDES DE COMPUTADORES,FGA0211,01,2025.1,CLENIO EMIDIO DA FONSECA (60h),26T45,80,75,5,FCTE - I10 / MOCAP
FUNDAMENTOS DE REDES DE COMPUTADORES,FGA0211,02,2025.1,CLENIO EMIDIO DA FONSECA (60h),7M1234,80,75,5,FCTE - MOCAP
TÓPICOS ESPECIAIS EM ENGENHARIA AUTOMOTIVA,FGA0214,01,2025.1,BRUNO LUIZ PEREIRA (60h),35M34,25,12,13,FCTE - CONTEINER 04 - Fund Veículos Elétricos
TÓPICOS ESPECIAIS EM ENGENHARIA AUTOMOTIVA,FGA0214,02,2025.1,SANDRA MARIA DA LUZ (60h),6M1234,25,16,9,FCTE - LDTEA 303
PROCESSAMENTO DE SINAIS,FGA0219,01,2025.1,CRISTIANO JACQUES MIOSSO RODRIGUES MENDES (60h),46M12,45,11,34,FCTE - I1
INTELIGÊNCIA ARTIFICIAL,FGA0221,01,2025.1,FABIANO ARAUJO SOARES (60h),35T45,60,60,0,FCTE - S6
ELETRÔNICA VEICULAR,FGA0226,01,2025.1,EVANDRO LEONARDO SILVA TEIXEIRA (60h),35M34,25,12,13,FCTE - LDTEA 303
PROJETO DE SISTEMAS AUTOMOTIVOS,FGA0228,01,2025.1,CARLA TATIANA MOTA ANFLOR (60h),24M12,45,6,39,FCTE - S5
ANÁLISE ESTRUTURAL MÉTODO DOS ELEMENTOS FINITOS,FGA0229,01,2025.1,MAURA ANGELICA MILFONT SHZU (60h),35M12,45,30,15,FCTE - S8
DINÂMICA DE VEÍCULOS,FGA0230,01,2025.1,SUZANA MOREIRA AVILA (60h),35M12,30,5,25,FCTE - I8
INTEGRAÇÃO E TESTES,FGA0232,01,2025.1,HENRIQUE GOMES DE MOURA (60h),24M34,45,2,43,FCTE - I1 / S7
SENSORES E TRANSDUTORES,FGA0233,01,2025.1,ALESSANDRO BORGES DE SOUSA OLIVEIRA (60h),35M12,20,6,14,FCTE - LAB SHP
BIORREFINARIAS,FGA0236,01,2025.1,MARIA DEL PILAR HIDALGO FALLA (60h),35T23,15,1,14,FCTE - I5
TÉCNICAS DE PROGRAMAÇÃO EM PLATAFORMAS EMERGENTES,FGA0242,01,2025.1,ANDRE LUIZ PERON MARTINS LANNA (60h),24T45,80,80,0,FCTE - S10
PROGRAMAÇÃO PARA SISTEMAS PARALELOS E DISTRIBUÍDOS,FGA0244,01,2025.1,FERNANDO WILLIAM CRUZ (60h),24T23,80,80,0,FCTE - S10 / MOCAP
PROGRAMAÇÃO PARA SISTEMAS PARALELOS E DISTRIBUÍDOS,FGA0244,02,2025.1,FERNANDO WILLIAM CRUZ (60h),24M5 24T1,80,42,38,FCTE - S10
SISTEMAS HIDROELÉTRICOS,FGA0252,01,2025.1,"RUDI HENRI VAN ELS (15h)
LUCIANO GONCALVES NOLETO (60h)",46M12 2T4,25,11,14,FCTE - LAB TERM / TERMO SUP
CIÊNCIAS AEROESPACIAIS,FGA0254,01,2025.1,GABRIELA CUNHA POSSA (60h),35M34,48,48,0,FCTE - S5
TÓPICOS ESPECIAIS EM ELETRONICA,FGA0261,01,2025.1,ROBERTO DE SOUZA BAPTISTA (60h),35M34,20,20,0,FCTE - LAB SS (Robótica)
TÓPICOS ESPECIAIS EM ELETRONICA,FGA0261,02,2025.1,GUILLERMO ALVAREZ BESTARD (60h),24T6 24N1,20,19,1,FCTE - LAB SS (Circuitos ECAD)
TÓPICOS ESPECIAIS EM ELETRONICA,FGA0261,03,2025.1,MARCUS VINICIUS BATISTUTA (60h),35M34,20,9,11,FCTE - LAB TERMOD.
TÓPICOS ESPECIAIS EM ELETRONICA,FGA0261,04,2025.1,EULER DE VILHENA GARCIA (60h),35T23,20,9,11,FCTE - LAB NEI 1
TÓPICOS ESPECIAIS EM ELETRONICA,FGA0261,05,2025.1,HENRIQUE GOMES DE MOURA (60h),6M5 4T6 6T1 4N1,20,5,15,FCTE - I7
TÓPICOS ESPECIAIS EM ELETRONICA,FGA0261,06,2025.1,CLAUDIA PATRICIA OCHOA DIAZ (60h),35M12,20,20,0,FCTE - I7/I4 (Tecnologias Vestíveis)
TÓPICOS ESPECIAIS EM ELETRONICA,FGA0261,07,2025.1,CRISTIANO JACQUES MIOSSO RODRIGUES MENDES (60h),46T23,20,15,5,FCTE - S5
TRANSMISSÃO E DISTRIBUIÇÃO DE ENERGIA ELÉTRICA,FGA0262,01,2025.1,LOANA NUNES VELASCO (75h),4M345 6M34,20,6,14,FCTE - I3 / LAB ELET / I6
ECONOMIA DE ENERGIA,FGA0265,01,2025.1,PAULA MEYER SOARES (60h),35M12,60,59,1,FCTE - S2
ACÚSTICA E VIBRAÇÕES VEICULARES,FGA0266,01,2025.1,MARIA ALZIRA DE ARAUJO NUNES (60h),46M34,15,4,11,FCTE - MULTIUSO
PROJETO DE ESTRUTURAS DE VEICULOS,FGA0267,01,2025.1,HENRIQUE GOMES DE MOURA (60h),24M5 24T1,60,6,54,FCTE - I3
SISTEMAS HIDRÁULICOS E PNEUMÁTICOS,FGA0270,01,2025.1,BRUNO LUIZ PEREIRA (60h),35T23,16,7,9,FCTE - LAB SHP
INTRODUÇÃO À MECÂNICA DA FRATURA,FGA0285,01,2025.1,CARLA TATIANA MOTA ANFLOR (60h),24M34 (24/03/2025 - 26/07/2025),25,5,20,FCTE - LDTEA 303
MECÂNICA DE ESTRUTURAS AERONÁUTICAS,FGA0291,01,2025.1,ARTEM ANDRIANOV (60h),35M34 (24/03/2025 - 26/07/2025),25,15,10,FCTE - MULTIUSO
INSTALAÇÕES ELÉTRICAS EM SISTEMAS DE ENERGIA,FGA0301,01,2025.1,ALEX REIS (60h),46M34,25,7,18,FCTE - LAB ELET
ENGENHARIA E AMBIENTE,FGA0302,01,2025.1,MARIA VITORIA DUARTE FERRARI (60h),46M12,130,131,-1,FCTE - S3
ENGENHARIA E AMBIENTE,FGA0302,02,2025.1,JOSIANE DO SOCORRO AGUIAR DE SOUZA DE OLIVEIRA CAMPOS (60h),24T45,130,106,24,FCTE - AUDITÓRIO
ENGENHARIA E AMBIENTE,FGA0302,03,2025.1,FERNANDO PAIVA SCARDUA (60h),35M34,125,115,10,FCTE - S1
PROJETO INTEGRADOR DE ENGENHARIA 1,FGA0303,01,2025.1,DIOGO CAETANO GARCIA (60h),24T45,35,35,0,FCTE - I2 / I1
PROJETO INTEGRADOR DE ENGENHARIA 1,FGA0303,02,2025.1,JULIANA PETROCCHI RODRIGUES (60h),24T45,35,35,0,FCTE - S2
PROJETO INTEGRADOR DE ENGENHARIA 1,FGA0303,03,2025.1,RICARDO AJAX DIAS KOSLOSKI (60h),24T45,45,45,0,FCTE - S2 / I4
PROJETO INTEGRADOR DE ENGENHARIA 1,FGA0303,04,2025.1,LUI TXAI CALVOSO HABL (60h),24T45,35,35,0,FCTE - S2 / S5
PROJETO INTEGRADOR DE ENGENHARIA 1,FGA0303,05,2025.1,RAFAEL RODRIGUES DA SILVA (60h),24T45,35,35,0,FCTE - S2 / S6
PROJETO INTEGRADOR DE ENGENHARIA 2,FGA0304,01,2025.1,SANDRO AUGUSTO PAVLIK HADDAD (90h),4T45 6T2345,35,21,14,FCTE - S1 / AUDITÓRIO
PROJETO INTEGRADOR DE ENGENHARIA 2,FGA0304,02,2025.1,"CARLA SILVA ROCHA AGUIAR (30h)
RICARDO MATOS CHAIM (60h)",4T45 6T2345,35,35,0,FCTE - S1 / AUDITÓRIO
PROJETO INTEGRADOR DE ENGENHARIA 2,FGA0304,03,2025.1,ALEX REIS (90h),4T45 6T2345,35,30,5,FCTE - S1 / AUDITÓRIO
PROJETO INTEGRADOR DE ENGENHARIA 2,FGA0304,04,2025.1,POLLIANA CANDIDA OLIVEIRA MARTINS (90h),4T45 6T2345,35,35,0,FCTE - S1 / AUDITÓRIO
PROJETO INTEGRADOR DE ENGENHARIA 2,FGA0304,05,2025.1,RHANDER VIANA (90h),4T45 6T2345,35,19,16,FCTE - S1 / AUDITÓRIO
GESTÃO DA PRODUÇÃO E QUALIDADE,FGA0307,01,2025.1,MARIO DE OLIVEIRA ANDRADE (60h),35T45,130,69,61,FCTE - S3
GESTÃO DA PRODUÇÃO E QUALIDADE,FGA0307,02,2025.1,REJANE MARIA DA COSTA FIGUEIREDO (60h),35T23,130,117,13,FCTE - I9
ELETRÔNICA EMBARCADA,FGA0308,01,2025.1,GUILLERMO ALVAREZ BESTARD (90h),246T45,35,15,20,FCTE - LAB SS
SISTEMAS OPERACIONAIS EMBARCADOS,FGA0309,01,2025.1,DIOGO CAETANO GARCIA (90h),246T23,35,15,20,FCTE - LAB SS
MÉTODOS DE DESENVOLVIMENTO DE SOFTWARE,FGA0312,01,2025.1,HILMER RODRIGUES NERI (60h),35T45,48,42,6,FCTE - I7
MÉTODOS DE DESENVOLVIMENTO DE SOFTWARE,FGA0312,02,2025.1,CARLA SILVA ROCHA AGUIAR (60h),46M34,80,82,-2,FCTE - MOCAP
MÉTODOS DE DESENVOLVIMENTO DE SOFTWARE,FGA0312,03,2025.1,RICARDO AJAX DIAS KOSLOSKI (60h),24T23,70,70,0,FCTE - S7
REQUISITOS DE SOFTWARE,FGA0313,01,2025.1,GEORGE MARSICANO CORREA (60h),35M12,49,49,0,FCTE - S7 / I6
REQUISITOS DE SOFTWARE,FGA0313,02,2025.1,GEORGE MARSICANO CORREA (60h),35M34,48,42,6,FCTE - I7 / I3
REQUISITOS DE SOFTWARE,FGA0313,03,2025.1,ANDRE BARROS DE SALES (60h),35M12,70,70,0,FCTE - S3
TESTES DE SOFTWARE,FGA0314,01,2025.1,ELAINE VENSON (60h),35T23,80,80,0,FCTE - S10 / S9
TESTES DE SOFTWARE,FGA0314,02,2025.1,ELAINE VENSON (60h),35T45,80,80,0,FCTE - S9 / I10
QUALIDADE DE SOFTWARE 1,FGA0315,01,2025.1,CRISTIANE SOARES RAMOS (60h),24M34,60,51,9,FCTE - S6
QUALIDADE DE SOFTWARE 1,FGA0315,02,2025.1,CRISTIANE SOARES RAMOS (60h),24T23,60,60,0,FCTE - S6
ENGENHARIA DE PRODUTO DE SOFTWARE,FGA0316,01,2025.1,HILMER RODRIGUES NERI (60h),35T23,48,12,36,FCTE - I7
ENGENHARIA DE PRODUTO DE SOFTWARE,FGA0316,02,2025.1,RICARDO MATOS CHAIM (60h),46M5 46T1,49,49,0,FCTE - I6
GERÊNCIA DE CONFIGURAÇÃO E EVOLUÇÃO DE SOFTWARE,FGA0317,01,2025.1,RENATO CORAL SAMPAIO (60h),35T45,80,80,0,FCTE - MOCAP
GERÊNCIA DE CONFIGURAÇÃO E EVOLUÇÃO DE SOFTWARE,FGA0317,02,2025.1,CARLA SILVA ROCHA AGUIAR (60h),24T45,90,77,13,FCTE - S3 / S4
FELICIDADE,FGA0320,01,2025.1,WANDER CLEBER MARIA PEREIRA DA SILVA (60h),35T23,140,140,0,FCTE - AUDITÓRIO
